,y_true,y_pred
0,组织关系-裁员,组织关系-裁员
1,组织关系-裁员,组织关系-裁员
2,组织关系-裁员,组织关系-裁员
3,组织关系-加盟|组织关系-裁员,
4,组织关系-裁员,组织关系-解雇
5,组织关系-裁员,组织关系-裁员
6,组织关系-裁员,组织关系-裁员
7,组织关系-裁员,
8,组织关系-裁员|财经/交易-出售/收购,组织关系-裁员
9,组织关系-裁员,组织关系-裁员
10,组织关系-裁员,组织关系-裁员
11,组织关系-裁员,组织关系-裁员
12,组织关系-退出|组织关系-裁员,组织关系-裁员
13,组织关系-裁员,组织关系-裁员
14,组织关系-裁员,组织关系-裁员
15,组织关系-裁员,组织关系-裁员
16,组织关系-裁员,组织关系-裁员
17,灾害/意外-坍/垮塌,灾害/意外-坍/垮塌
18,人生-死亡|灾害/意外-坍/垮塌,灾害/意外-坍/垮塌
19,灾害/意外-坍/垮塌,人生-死亡|灾害/意外-坍/垮塌
20,人生-死亡|灾害/意外-坍/垮塌|人生-失联,灾害/意外-坍/垮塌
21,灾害/意外-坍/垮塌,人生-死亡
22,人生-死亡|灾害/意外-坍/垮塌,人生-死亡|灾害/意外-坍/垮塌
23,灾害/意外-坍/垮塌,人生-死亡|灾害/意外-坍/垮塌
24,灾害/意外-坍/垮塌,
25,灾害/意外-坍/垮塌,灾害/意外-坍/垮塌
26,灾害/意外-坍/垮塌,灾害/意外-坍/垮塌
27,组织关系-解约,
28,组织关系-解约,
29,组织关系-解约,组织关系-解约
30,组织关系-解约,
31,产品行为-召回,产品行为-召回
32,产品行为-召回,产品行为-召回
33,产品行为-召回,产品行为-召回
34,产品行为-召回,产品行为-召回
35,产品行为-召回,产品行为-召回
36,产品行为-召回,产品行为-召回
37,产品行为-召回,产品行为-召回
38,产品行为-召回,产品行为-召回
39,产品行为-召回,产品行为-召回
40,产品行为-召回,产品行为-召回
41,产品行为-召回,产品行为-召回
42,产品行为-召回,产品行为-召回
43,产品行为-召回,产品行为-召回
44,产品行为-召回,产品行为-召回
45,产品行为-召回,产品行为-召回
46,产品行为-召回,产品行为-召回
47,产品行为-召回,产品行为-召回
48,产品行为-召回,产品行为-召回
49,产品行为-召回,产品行为-召回
50,产品行为-召回,产品行为-召回
51,产品行为-召回,产品行为-召回
52,产品行为-召回,产品行为-召回
53,产品行为-召回,产品行为-召回
54,产品行为-召回,产品行为-召回
55,产品行为-召回,产品行为-召回
56,产品行为-召回,产品行为-召回
57,产品行为-召回,产品行为-召回
58,产品行为-召回,产品行为-召回
59,产品行为-召回,产品行为-召回
60,产品行为-召回,产品行为-召回
61,产品行为-召回,产品行为-召回
62,产品行为-召回,产品行为-召回
63,产品行为-召回,产品行为-召回
64,产品行为-召回,产品行为-召回
65,产品行为-召回,产品行为-召回
66,司法行为-约谈,司法行为-约谈
67,司法行为-约谈,司法行为-约谈
68,司法行为-约谈,司法行为-约谈
69,司法行为-约谈,司法行为-约谈
70,司法行为-约谈,司法行为-约谈
71,司法行为-约谈,司法行为-约谈
72,交往-道歉|司法行为-约谈,司法行为-约谈
73,司法行为-约谈,司法行为-约谈
74,司法行为-约谈,司法行为-约谈
75,司法行为-约谈,司法行为-约谈
76,司法行为-约谈,司法行为-约谈
77,司法行为-约谈,司法行为-约谈
78,司法行为-约谈,司法行为-约谈
79,司法行为-约谈,司法行为-约谈
80,司法行为-约谈,司法行为-约谈
81,司法行为-约谈,司法行为-约谈
82,司法行为-约谈,司法行为-约谈
83,司法行为-约谈,司法行为-约谈
84,司法行为-约谈,司法行为-约谈
85,司法行为-约谈,司法行为-约谈
86,司法行为-约谈,司法行为-约谈
87,司法行为-约谈,司法行为-约谈
88,司法行为-约谈,司法行为-约谈
89,司法行为-约谈,司法行为-约谈
90,司法行为-约谈,司法行为-约谈
91,司法行为-约谈,司法行为-约谈
92,司法行为-约谈,司法行为-约谈
93,司法行为-约谈,司法行为-约谈
94,司法行为-约谈,司法行为-约谈
95,司法行为-约谈,司法行为-约谈
96,司法行为-约谈,司法行为-约谈
97,司法行为-约谈,司法行为-约谈
98,交往-感谢,人生-死亡
99,交往-感谢,
100,交往-感谢,
101,交往-感谢,
102,交往-感谢,
103,交往-感谢,竞赛行为-夺冠
104,交往-感谢,
105,交往-感谢,
106,财经/交易-降息,财经/交易-降息
107,财经/交易-降息,财经/交易-降息
108,财经/交易-降息,财经/交易-降息
109,财经/交易-降息,财经/交易-降息
110,人生-死亡|灾害/意外-爆炸,人生-死亡|灾害/意外-爆炸
111,灾害/意外-爆炸,灾害/意外-爆炸
112,灾害/意外-袭击|灾害/意外-爆炸,灾害/意外-爆炸
113,人生-死亡|灾害/意外-爆炸|人生-失联,人生-死亡|灾害/意外-爆炸
114,灾害/意外-起火|灾害/意外-爆炸,灾害/意外-爆炸
115,灾害/意外-爆炸,
116,灾害/意外-爆炸,灾害/意外-爆炸
117,灾害/意外-爆炸,灾害/意外-爆炸
118,财经/交易-降价,
119,财经/交易-降价,财经/交易-涨价|财经/交易-降价
120,财经/交易-降价,财经/交易-降价
121,财经/交易-降价,
122,财经/交易-降价,
123,财经/交易-降价,
124,财经/交易-降价,财经/交易-降价
125,财经/交易-降价,财经/交易-降价
126,财经/交易-降价,
127,交往-会见,交往-会见
128,交往-会见,交往-会见
129,交往-会见,交往-会见
130,交往-会见,交往-会见
131,交往-会见,交往-会见
132,交往-会见,
133,交往-会见,竞赛行为-夺冠
134,交往-会见,交往-会见
135,交往-会见,交往-会见
136,交往-会见,交往-会见
137,交往-会见,交往-会见
138,交往-会见,交往-会见
139,竞赛行为-退役,竞赛行为-退役
140,竞赛行为-退役,竞赛行为-退役
141,竞赛行为-退役,竞赛行为-退役
142,竞赛行为-退役,竞赛行为-退役
143,竞赛行为-退役,竞赛行为-退役
144,竞赛行为-胜负|竞赛行为-退役,竞赛行为-胜负
145,竞赛行为-退役,竞赛行为-退役
146,竞赛行为-退役,竞赛行为-退役
147,竞赛行为-退役,竞赛行为-退役
148,竞赛行为-退役,竞赛行为-退役
149,竞赛行为-退役,竞赛行为-退役
150,人生-产子/女,
151,人生-结婚|人生-产子/女,
152,人生-产子/女,人生-产子/女
153,人生-产子/女,
154,人生-产子/女,
155,人生-产子/女,
156,人生-产子/女,人生-产子/女|人生-结婚
157,人生-产子/女,人生-产子/女
158,人生-产子/女,人生-产子/女|人生-庆生
159,人生-产子/女,人生-产子/女
160,产品行为-获奖,产品行为-获奖
161,产品行为-获奖,产品行为-获奖
162,产品行为-获奖,产品行为-获奖
163,产品行为-获奖,产品行为-获奖
164,产品行为-获奖,产品行为-获奖
165,产品行为-获奖,产品行为-获奖
166,产品行为-获奖,产品行为-获奖
167,产品行为-获奖,产品行为-获奖
168,产品行为-获奖,竞赛行为-夺冠
169,产品行为-获奖,产品行为-获奖
170,产品行为-获奖,产品行为-发布
171,产品行为-获奖,产品行为-获奖
172,产品行为-获奖,竞赛行为-夺冠
173,产品行为-获奖,产品行为-获奖
174,产品行为-获奖,产品行为-获奖
175,产品行为-获奖,产品行为-获奖
176,产品行为-发布,产品行为-发布
177,产品行为-发布,产品行为-发布
178,产品行为-发布,产品行为-发布
179,产品行为-发布,产品行为-发布
180,产品行为-发布,产品行为-发布
181,产品行为-发布,产品行为-发布
182,产品行为-发布,产品行为-发布
183,产品行为-发布,
184,产品行为-发布,产品行为-发布
185,产品行为-发布,产品行为-发布
186,产品行为-发布,产品行为-发布
187,产品行为-发布,产品行为-发布
188,产品行为-发布,产品行为-发布
189,产品行为-发布,产品行为-发布
190,产品行为-发布,产品行为-发布
191,产品行为-发布,产品行为-发布
192,产品行为-发布,产品行为-发布
193,产品行为-发布,产品行为-发布
194,产品行为-发布,组织行为-开幕
195,产品行为-发布,产品行为-发布
196,产品行为-发布,产品行为-发布
197,产品行为-发布,产品行为-发布
198,产品行为-发布,产品行为-发布
199,产品行为-发布,产品行为-发布
200,产品行为-发布,产品行为-发布
201,产品行为-发布,产品行为-发布
202,产品行为-发布,产品行为-发布
203,产品行为-发布,产品行为-发布
204,产品行为-发布,产品行为-发布
205,产品行为-发布,产品行为-发布
206,产品行为-发布,产品行为-发布
207,产品行为-发布,产品行为-发布
208,产品行为-发布,产品行为-发布
209,产品行为-发布,产品行为-发布
210,产品行为-发布,产品行为-发布
211,产品行为-发布,产品行为-发布
212,产品行为-发布,产品行为-发布
213,产品行为-发布,产品行为-发布
214,产品行为-发布,产品行为-发布
215,产品行为-发布,产品行为-发布
216,产品行为-发布,产品行为-发布
217,产品行为-发布,产品行为-发布
218,产品行为-发布,产品行为-发布
219,产品行为-发布,产品行为-发布
220,产品行为-发布,产品行为-发布
221,产品行为-发布,产品行为-发布
222,产品行为-发布,组织行为-开幕
223,产品行为-发布,产品行为-发布
224,产品行为-发布,产品行为-发布
225,产品行为-发布,产品行为-发布
226,产品行为-发布,产品行为-发布
227,产品行为-发布,产品行为-发布
228,产品行为-发布,产品行为-发布
229,产品行为-发布,产品行为-发布
230,产品行为-发布,产品行为-发布
231,产品行为-发布,产品行为-发布
232,产品行为-发布,产品行为-发布
233,产品行为-发布,产品行为-发布
234,产品行为-发布,产品行为-发布
235,产品行为-发布,产品行为-发布
236,产品行为-发布,产品行为-发布
237,产品行为-发布,产品行为-发布
238,产品行为-发布,
239,产品行为-发布,产品行为-发布
240,产品行为-发布,产品行为-发布
241,产品行为-发布,产品行为-发布
242,产品行为-发布,产品行为-发布
243,产品行为-发布,产品行为-发布
244,产品行为-发布,产品行为-发布
245,产品行为-发布,产品行为-发布
246,产品行为-发布,产品行为-发布
247,产品行为-发布,产品行为-发布
248,产品行为-发布,产品行为-发布
249,产品行为-发布,产品行为-发布
250,产品行为-发布,产品行为-发布
251,产品行为-发布,产品行为-发布
252,产品行为-发布,产品行为-发布
253,产品行为-发布,产品行为-发布
254,产品行为-发布,产品行为-发布
255,产品行为-发布,产品行为-发布
256,产品行为-发布,产品行为-发布
257,产品行为-发布,产品行为-发布
258,产品行为-发布,产品行为-发布
259,产品行为-发布,产品行为-发布
260,产品行为-发布,产品行为-发布
261,产品行为-发布,产品行为-发布
262,产品行为-发布,产品行为-发布
263,产品行为-发布,产品行为-发布
264,产品行为-发布,产品行为-发布
265,产品行为-发布,产品行为-发布
266,产品行为-发布,产品行为-发布
267,产品行为-发布,产品行为-发布
268,产品行为-发布,产品行为-发布
269,产品行为-发布,产品行为-发布
270,产品行为-发布,产品行为-发布
271,产品行为-发布,产品行为-发布
272,产品行为-发布,产品行为-发布
273,产品行为-发布,产品行为-发布
274,产品行为-发布,产品行为-发布
275,产品行为-发布,产品行为-发布
276,产品行为-发布,产品行为-发布
277,产品行为-发布,产品行为-发布
278,产品行为-发布,产品行为-发布
279,产品行为-发布,产品行为-发布
280,产品行为-发布,产品行为-发布
281,产品行为-发布,产品行为-发布
282,产品行为-发布,产品行为-发布
283,产品行为-发布,产品行为-发布
284,产品行为-发布,产品行为-发布
285,产品行为-发布,产品行为-发布
286,产品行为-发布,产品行为-发布
287,产品行为-发布,产品行为-发布
288,产品行为-发布,
289,产品行为-发布,产品行为-发布
290,产品行为-发布,产品行为-发布
291,产品行为-发布,产品行为-发布
292,产品行为-发布,产品行为-发布
293,产品行为-发布,产品行为-发布
294,产品行为-发布,产品行为-发布
295,产品行为-发布,产品行为-发布
296,产品行为-发布,产品行为-发布
297,产品行为-发布,产品行为-发布
298,产品行为-发布,产品行为-发布
299,产品行为-发布,产品行为-发布
300,产品行为-发布,产品行为-发布
301,产品行为-发布,产品行为-发布
302,产品行为-发布,
303,产品行为-发布,产品行为-发布
304,产品行为-发布,产品行为-发布
305,产品行为-发布,产品行为-发布
306,产品行为-发布,产品行为-发布
307,产品行为-发布,产品行为-发布
308,产品行为-发布,产品行为-发布
309,产品行为-发布,产品行为-发布
310,产品行为-发布,产品行为-发布
311,产品行为-发布,产品行为-发布
312,产品行为-发布,产品行为-发布
313,产品行为-发布,产品行为-发布
314,产品行为-发布,产品行为-发布
315,产品行为-发布,产品行为-发布
316,产品行为-发布,产品行为-发布
317,产品行为-发布,产品行为-发布
318,产品行为-发布,产品行为-发布
319,产品行为-发布,产品行为-发布
320,产品行为-发布,产品行为-发布
321,产品行为-发布,产品行为-发布
322,产品行为-发布,产品行为-发布
323,产品行为-发布,产品行为-发布
324,产品行为-发布,产品行为-发布
325,交往-点赞,交往-点赞
326,交往-点赞,交往-点赞
327,交往-点赞,交往-点赞
328,交往-点赞,交往-点赞
329,交往-点赞,交往-点赞
330,交往-点赞,交往-点赞
331,交往-点赞,交往-点赞
332,交往-点赞,
333,交往-点赞,交往-点赞
334,交往-点赞,交往-点赞
335,产品行为-上映,产品行为-上映
336,产品行为-上映,产品行为-上映
337,产品行为-上映,产品行为-上映
338,产品行为-上映|交往-探班,产品行为-上映
339,产品行为-上映,产品行为-上映
340,产品行为-上映,
341,产品行为-上映,产品行为-上映
342,产品行为-上映,产品行为-上映
343,产品行为-上映,产品行为-上映
344,产品行为-上映,产品行为-上映
345,产品行为-上映,产品行为-上映
346,产品行为-上映,产品行为-上映
347,产品行为-上映,产品行为-发布
348,产品行为-上映,产品行为-上映
349,产品行为-上映,产品行为-上映
350,产品行为-上映,产品行为-上映
351,产品行为-上映,产品行为-上映
352,产品行为-上映,产品行为-上映
353,产品行为-上映,产品行为-发布
354,产品行为-上映,产品行为-上映
355,产品行为-上映,产品行为-上映
356,产品行为-上映,产品行为-上映
357,产品行为-上映,产品行为-上映
358,产品行为-上映,产品行为-上映
359,产品行为-上映,产品行为-发布
360,产品行为-上映,产品行为-上映
361,产品行为-上映,产品行为-上映
362,产品行为-上映,产品行为-上映
363,产品行为-上映,
364,产品行为-上映,产品行为-上映
365,产品行为-上映,
366,产品行为-上映,产品行为-上映
367,产品行为-上映,产品行为-上映
368,产品行为-上映,产品行为-上映
369,产品行为-上映,产品行为-上映
370,人生-失联,人生-失联
371,人生-失联,人生-失联
372,人生-失联,人生-失联
373,人生-失联,人生-失联
374,人生-失联,人生-失联
375,人生-失联,人生-失联
376,人生-死亡|人生-失联,人生-死亡
377,人生-失联,人生-失联
378,灾害/意外-洪灾|人生-失联,
379,交往-探班,交往-探班
380,交往-探班,交往-探班
381,交往-探班,交往-探班
382,交往-探班,交往-探班
383,交往-探班,
384,交往-探班,交往-探班
385,交往-探班,交往-探班
386,交往-探班,交往-探班
387,交往-探班,交往-探班
388,司法行为-拘捕,司法行为-拘捕
389,司法行为-拘捕,司法行为-拘捕
390,司法行为-拘捕,司法行为-拘捕
391,司法行为-拘捕|司法行为-罚款,司法行为-拘捕
392,司法行为-拘捕,司法行为-拘捕
393,司法行为-拘捕,司法行为-拘捕
394,司法行为-拘捕,司法行为-拘捕
395,司法行为-拘捕,司法行为-拘捕
396,司法行为-拘捕|组织关系-解雇,司法行为-拘捕
397,司法行为-拘捕,司法行为-拘捕
398,司法行为-拘捕,司法行为-拘捕
399,司法行为-拘捕,人生-死亡
400,司法行为-拘捕,司法行为-拘捕
401,司法行为-拘捕,司法行为-拘捕
402,司法行为-拘捕,司法行为-拘捕
403,司法行为-拘捕,司法行为-拘捕
404,司法行为-拘捕,司法行为-拘捕
405,司法行为-拘捕,司法行为-拘捕
406,司法行为-拘捕,司法行为-拘捕
407,司法行为-拘捕,司法行为-拘捕
408,司法行为-拘捕,司法行为-拘捕
409,司法行为-拘捕,司法行为-拘捕
410,司法行为-拘捕,司法行为-拘捕
411,司法行为-拘捕,司法行为-拘捕
412,司法行为-拘捕,
413,司法行为-拘捕,司法行为-拘捕
414,司法行为-拘捕,司法行为-拘捕
415,司法行为-拘捕,司法行为-拘捕
416,司法行为-拘捕,司法行为-拘捕
417,司法行为-拘捕,司法行为-拘捕
418,司法行为-拘捕,司法行为-拘捕
419,司法行为-拘捕,司法行为-拘捕
420,司法行为-拘捕|司法行为-入狱,司法行为-入狱
421,司法行为-拘捕,司法行为-拘捕
422,司法行为-拘捕,司法行为-拘捕
423,司法行为-拘捕,
424,司法行为-拘捕,司法行为-拘捕
425,司法行为-拘捕,司法行为-拘捕
426,司法行为-拘捕,司法行为-拘捕
427,司法行为-拘捕,司法行为-拘捕
428,司法行为-拘捕,司法行为-拘捕
429,司法行为-拘捕,司法行为-拘捕
430,司法行为-拘捕,司法行为-拘捕
431,司法行为-拘捕,司法行为-拘捕
432,司法行为-拘捕,司法行为-拘捕
433,司法行为-拘捕,司法行为-拘捕
434,司法行为-拘捕,司法行为-拘捕
435,司法行为-拘捕,司法行为-拘捕
436,司法行为-拘捕,司法行为-拘捕
437,司法行为-拘捕,司法行为-拘捕
438,司法行为-拘捕,司法行为-拘捕
439,司法行为-拘捕,司法行为-拘捕
440,司法行为-拘捕,司法行为-拘捕
441,司法行为-拘捕,司法行为-拘捕
442,司法行为-拘捕,司法行为-拘捕
443,司法行为-拘捕,司法行为-拘捕
444,司法行为-拘捕,司法行为-拘捕
445,司法行为-拘捕,司法行为-拘捕
446,司法行为-拘捕,司法行为-拘捕
447,司法行为-拘捕,司法行为-拘捕
448,司法行为-拘捕,司法行为-拘捕
449,司法行为-拘捕,司法行为-拘捕
450,司法行为-拘捕,司法行为-拘捕
451,司法行为-拘捕,司法行为-拘捕
452,司法行为-拘捕,司法行为-拘捕
453,司法行为-拘捕,司法行为-拘捕
454,司法行为-拘捕,司法行为-拘捕
455,司法行为-拘捕,司法行为-拘捕
456,司法行为-拘捕,司法行为-拘捕
457,司法行为-拘捕,司法行为-拘捕
458,司法行为-拘捕,司法行为-拘捕
459,司法行为-拘捕,司法行为-拘捕
460,司法行为-拘捕,司法行为-拘捕
461,司法行为-拘捕,司法行为-拘捕
462,司法行为-拘捕,司法行为-拘捕
463,司法行为-拘捕,司法行为-拘捕
464,司法行为-拘捕,司法行为-拘捕
465,司法行为-拘捕,司法行为-拘捕
466,司法行为-拘捕,司法行为-拘捕
467,司法行为-拘捕,司法行为-拘捕
468,司法行为-拘捕,司法行为-拘捕
469,司法行为-拘捕,司法行为-拘捕
470,司法行为-起诉|司法行为-拘捕,司法行为-拘捕|司法行为-起诉
471,司法行为-拘捕,司法行为-拘捕
472,组织关系-退出,竞赛行为-退赛|组织关系-退出
473,组织关系-退出|交往-道歉,交往-道歉
474,组织关系-退出,组织关系-退出
475,组织关系-退出,组织关系-退出
476,组织关系-退出|组织关系-加盟,组织关系-退出
477,组织关系-退出,组织关系-退出
478,组织关系-退出,组织关系-退出
479,组织关系-退出,
480,组织关系-退出,组织关系-退出
481,组织关系-退出,组织关系-退出
482,组织关系-退出,竞赛行为-退赛
483,组织关系-退出,组织关系-退出
484,组织关系-退出,竞赛行为-退赛
485,组织关系-退出,组织关系-退出
486,组织关系-退出,
487,组织关系-退出,组织关系-退出
488,组织关系-退出,组织关系-退出
489,组织关系-退出,组织关系-退出
490,组织关系-退出,组织关系-退出
491,组织关系-退出,组织关系-退出
492,灾害/意外-洪灾,
493,人生-死亡|灾害/意外-洪灾,人生-死亡
494,人生-死亡|灾害/意外-洪灾|人生-失联,人生-死亡
495,灾害/意外-洪灾,
496,灾害/意外-洪灾,
497,灾害/意外-洪灾,
498,组织行为-游行,组织行为-游行
499,组织行为-游行,组织行为-游行
500,组织行为-游行,产品行为-发布|组织行为-游行
501,组织行为-游行,组织行为-游行
502,组织行为-游行,组织行为-游行
503,组织行为-游行,产品行为-发布|组织行为-游行
504,组织行为-游行,组织行为-游行
505,组织行为-游行|司法行为-拘捕,组织行为-游行
506,组织行为-游行,
507,财经/交易-加息,财经/交易-加息
508,财经/交易-加息,
509,财经/交易-加息,
510,灾害/意外-坠机,灾害/意外-坠机
511,灾害/意外-坠机,灾害/意外-坠机
512,人生-死亡|灾害/意外-坠机,人生-死亡
513,灾害/意外-坠机,灾害/意外-坠机
514,灾害/意外-起火|灾害/意外-坠机,灾害/意外-坠机
515,灾害/意外-坠机,灾害/意外-坠机
516,人生-死亡|灾害/意外-坠机,人生-死亡|灾害/意外-坠机
517,灾害/意外-坠机,灾害/意外-坠机
518,人生-死亡|灾害/意外-起火|灾害/意外-坠机,灾害/意外-起火
519,灾害/意外-坠机,灾害/意外-坠机
520,灾害/意外-坠机,灾害/意外-坠机
521,人生-死亡|灾害/意外-坠机,人生-死亡|灾害/意外-坠机
522,灾害/意外-坠机,灾害/意外-坠机
523,交往-道歉,交往-道歉
524,交往-道歉,交往-道歉
525,交往-道歉,交往-道歉
526,交往-道歉,交往-道歉
527,交往-道歉,交往-道歉
528,交往-道歉,交往-道歉
529,交往-道歉,交往-道歉
530,交往-道歉,交往-道歉
531,交往-道歉,交往-道歉
532,交往-道歉,交往-道歉
533,交往-道歉|产品行为-下架,产品行为-下架
534,交往-道歉,交往-道歉
535,交往-道歉,交往-道歉
536,交往-道歉,交往-道歉
537,交往-道歉,交往-道歉
538,交往-道歉,交往-道歉
539,交往-道歉,交往-道歉
540,组织行为-开幕,组织行为-开幕
541,组织行为-开幕,组织行为-开幕
542,组织行为-开幕,组织行为-开幕
543,组织行为-开幕,组织行为-开幕
544,组织行为-开幕,组织行为-开幕
545,组织行为-开幕,组织行为-开幕
546,组织行为-开幕,组织行为-开幕
547,组织行为-开幕,组织行为-开幕
548,产品行为-发布|组织行为-开幕,组织行为-开幕
549,组织行为-开幕,组织行为-开幕
550,组织行为-开幕,组织行为-开幕
551,组织行为-开幕,组织行为-开幕
552,组织行为-开幕,组织行为-开幕
553,组织行为-开幕,组织行为-开幕
554,组织行为-开幕,组织行为-开幕
555,组织行为-闭幕|组织行为-开幕,组织行为-开幕|组织行为-闭幕
556,组织行为-开幕,组织行为-开幕
557,组织行为-开幕,组织行为-开幕
558,组织行为-开幕,组织行为-开幕
559,组织行为-开幕,组织行为-开幕
560,组织行为-开幕,组织行为-开幕
561,组织行为-开幕,组织行为-开幕
562,组织行为-开幕,组织行为-开幕
563,组织行为-开幕,组织行为-开幕
564,组织行为-开幕,组织行为-开幕
565,组织行为-开幕,组织行为-开幕
566,组织行为-开幕,组织行为-开幕
567,组织行为-开幕,组织行为-开幕
568,组织行为-开幕,组织行为-开幕
569,组织行为-开幕,组织行为-开幕
570,组织行为-开幕,组织行为-开幕
571,竞赛行为-退赛,组织关系-退出
572,竞赛行为-退赛,竞赛行为-胜负|竞赛行为-退赛
573,竞赛行为-退赛,竞赛行为-退赛
574,竞赛行为-退赛,竞赛行为-退赛
575,竞赛行为-退赛,竞赛行为-退赛
576,竞赛行为-退赛,竞赛行为-退赛
577,竞赛行为-退赛,
578,竞赛行为-胜负|竞赛行为-退赛,竞赛行为-夺冠|竞赛行为-胜负
579,竞赛行为-夺冠|竞赛行为-退赛,竞赛行为-夺冠|竞赛行为-胜负
580,竞赛行为-退赛,
581,竞赛行为-退赛,竞赛行为-退赛|组织关系-退出
582,竞赛行为-退赛,竞赛行为-退赛
583,竞赛行为-退赛,竞赛行为-晋级|竞赛行为-胜负
584,竞赛行为-退赛,竞赛行为-退赛
585,竞赛行为-退赛,竞赛行为-退赛
586,竞赛行为-退赛,竞赛行为-胜负
587,人生-分手,人生-分手
588,人生-分手,人生-分手
589,人生-分手,人生-分手
590,人生-分手,
591,人生-分手,人生-分手
592,人生-分手,人生-分手
593,人生-分手,人生-分手
594,人生-分手,人生-分手
595,人生-分手,人生-分手
596,人生-分手,人生-分手
597,人生-分手,人生-分手
598,人生-分手,人生-分手
599,人生-结婚|人生-分手,人生-分手
600,财经/交易-出售/收购,财经/交易-出售/收购
601,财经/交易-出售/收购,财经/交易-出售/收购
602,财经/交易-出售/收购,
603,财经/交易-出售/收购,
604,财经/交易-出售/收购,财经/交易-出售/收购
605,财经/交易-出售/收购,财经/交易-出售/收购
606,财经/交易-出售/收购,
607,财经/交易-出售/收购,
608,财经/交易-出售/收购,
609,财经/交易-出售/收购,
610,财经/交易-出售/收购,财经/交易-出售/收购
611,财经/交易-出售/收购,财经/交易-出售/收购
612,财经/交易-出售/收购,财经/交易-出售/收购
613,财经/交易-出售/收购,财经/交易-出售/收购
614,财经/交易-出售/收购,财经/交易-出售/收购
615,财经/交易-出售/收购,财经/交易-出售/收购
616,财经/交易-出售/收购,财经/交易-出售/收购
617,财经/交易-出售/收购,
618,财经/交易-出售/收购,财经/交易-出售/收购
619,财经/交易-出售/收购,财经/交易-出售/收购
620,财经/交易-出售/收购,财经/交易-出售/收购
621,财经/交易-出售/收购,财经/交易-出售/收购
622,财经/交易-出售/收购,财经/交易-出售/收购
623,人生-怀孕|人生-结婚,人生-结婚
624,人生-怀孕,人生-怀孕
625,人生-怀孕,
626,人生-怀孕|人生-结婚,人生-怀孕
627,人生-怀孕,
628,人生-怀孕|人生-结婚,人生-婚礼
629,人生-怀孕,
630,财经/交易-涨停,财经/交易-涨停
631,财经/交易-涨停,财经/交易-涨停
632,财经/交易-涨停,财经/交易-涨停
633,财经/交易-涨停,财经/交易-涨停
634,财经/交易-涨停,财经/交易-涨停
635,财经/交易-涨停,财经/交易-涨停
636,财经/交易-涨停,财经/交易-涨停
637,财经/交易-涨停,财经/交易-涨停
638,财经/交易-涨停|财经/交易-跌停,财经/交易-涨停
639,财经/交易-涨停,财经/交易-涨停
640,财经/交易-涨停,财经/交易-涨停
641,财经/交易-涨停,财经/交易-涨停
642,财经/交易-涨停,财经/交易-涨停
643,财经/交易-涨停,财经/交易-涨停
644,财经/交易-涨停,财经/交易-涨停
645,财经/交易-涨停,财经/交易-涨停
646,财经/交易-涨停,财经/交易-涨停
647,财经/交易-涨停,财经/交易-涨停
648,财经/交易-涨停,财经/交易-涨停
649,财经/交易-涨停,财经/交易-涨停
650,财经/交易-涨停,财经/交易-涨停
651,财经/交易-涨停,财经/交易-涨停
652,财经/交易-涨停,财经/交易-涨停
653,财经/交易-涨停,财经/交易-涨停
654,财经/交易-涨停,财经/交易-涨停
655,财经/交易-涨停,财经/交易-涨停
656,财经/交易-涨停,财经/交易-涨停
657,司法行为-立案,司法行为-立案
658,司法行为-立案,司法行为-立案
659,司法行为-立案,司法行为-立案
660,司法行为-立案,司法行为-立案
661,司法行为-立案,司法行为-立案
662,司法行为-立案,司法行为-立案
663,司法行为-立案,司法行为-立案
664,司法行为-立案,司法行为-立案
665,司法行为-立案,司法行为-立案
666,司法行为-罚款,司法行为-罚款
667,司法行为-罚款,司法行为-罚款
668,司法行为-罚款,司法行为-罚款
669,司法行为-罚款,司法行为-罚款
670,司法行为-罚款,司法行为-罚款
671,司法行为-罚款,司法行为-罚款
672,司法行为-罚款,司法行为-罚款
673,司法行为-罚款,司法行为-罚款
674,司法行为-罚款,司法行为-罚款
675,司法行为-罚款,司法行为-罚款|竞赛行为-禁赛
676,司法行为-罚款,司法行为-罚款
677,司法行为-罚款,司法行为-罚款
678,司法行为-开庭|司法行为-罚款,司法行为-入狱
679,司法行为-罚款,司法行为-入狱|司法行为-罚款
680,司法行为-罚款,司法行为-罚款
681,司法行为-罚款,司法行为-罚款
682,司法行为-罚款,司法行为-罚款
683,司法行为-罚款,司法行为-罚款
684,人生-求婚,
685,人生-求婚,人生-求婚
686,人生-求婚,人生-求婚
687,人生-求婚|人生-出轨,人生-求婚
688,人生-求婚,人生-求婚
689,人生-求婚,人生-求婚
690,人生-求婚,人生-求婚
691,人生-求婚,人生-求婚
692,人生-求婚,人生-求婚
693,司法行为-开庭,司法行为-开庭
694,司法行为-开庭,司法行为-开庭
695,司法行为-开庭,司法行为-开庭
696,司法行为-开庭,
697,司法行为-开庭,司法行为-开庭
698,司法行为-开庭,司法行为-开庭
699,司法行为-开庭,司法行为-开庭
700,司法行为-开庭,司法行为-开庭
701,司法行为-开庭,
702,司法行为-开庭,司法行为-开庭
703,司法行为-开庭,司法行为-开庭
704,司法行为-开庭,
705,产品行为-下架,
706,产品行为-下架,产品行为-下架
707,产品行为-下架,产品行为-下架
708,产品行为-下架,产品行为-下架
709,产品行为-下架,产品行为-下架
710,产品行为-下架,产品行为-下架
711,产品行为-下架,产品行为-下架
712,产品行为-下架,产品行为-下架
713,产品行为-下架,产品行为-下架
714,产品行为-下架,产品行为-下架
715,产品行为-下架,产品行为-下架
716,产品行为-下架,产品行为-下架
717,产品行为-下架,产品行为-下架
718,产品行为-下架|组织关系-辞/离职,产品行为-下架
719,产品行为-下架,产品行为-下架
720,产品行为-下架,产品行为-下架
721,产品行为-下架,产品行为-下架
722,产品行为-下架,产品行为-下架
723,产品行为-下架,产品行为-下架
724,产品行为-下架,产品行为-下架
725,产品行为-下架,产品行为-下架
726,产品行为-下架,产品行为-下架
727,产品行为-下架,产品行为-下架
728,司法行为-起诉,司法行为-起诉
729,司法行为-起诉,司法行为-起诉
730,司法行为-起诉,司法行为-起诉
731,司法行为-起诉,司法行为-起诉
732,司法行为-起诉,交往-道歉|司法行为-起诉
733,司法行为-起诉,司法行为-起诉
734,司法行为-起诉,司法行为-起诉
735,司法行为-起诉|人生-离婚|人生-结婚,人生-离婚|人生-结婚
736,司法行为-起诉,司法行为-起诉
737,司法行为-起诉,司法行为-起诉
738,司法行为-起诉|司法行为-入狱,司法行为-入狱|司法行为-起诉
739,司法行为-起诉,司法行为-起诉
740,司法行为-起诉,司法行为-开庭
741,司法行为-起诉|司法行为-开庭,司法行为-开庭
742,司法行为-起诉,司法行为-起诉
743,司法行为-起诉,司法行为-起诉
744,司法行为-起诉,司法行为-起诉
745,司法行为-起诉,司法行为-起诉
746,组织关系-辞/离职,组织关系-辞/离职
747,组织关系-辞/离职,组织关系-辞/离职
748,组织关系-辞/离职,组织关系-辞/离职
749,组织关系-辞/离职,组织关系-辞/离职
750,组织关系-辞/离职,组织关系-辞/离职
751,组织关系-辞/离职,组织关系-辞/离职
752,组织关系-辞/离职,组织关系-辞/离职
753,组织关系-辞/离职,组织关系-辞/离职
754,组织关系-辞/离职,组织关系-辞/离职
755,组织关系-辞/离职,组织关系-辞/离职
756,组织关系-辞/离职,组织关系-辞/离职
757,组织关系-辞/离职,组织关系-辞/离职
758,组织关系-辞/离职,组织关系-辞/离职
759,组织关系-辞/离职,组织关系-辞/离职
760,组织关系-辞/离职,组织关系-辞/离职
761,组织关系-辞/离职,组织关系-辞/离职
762,组织关系-辞/离职,组织关系-辞/离职
763,组织关系-辞/离职,组织关系-辞/离职
764,组织关系-辞/离职,组织关系-辞/离职
765,组织关系-辞/离职,组织关系-辞/离职
766,组织关系-辞/离职,组织关系-辞/离职
767,组织关系-辞/离职,组织关系-辞/离职
768,组织关系-辞/离职,组织关系-辞/离职
769,组织关系-辞/离职,组织关系-辞/离职
770,组织关系-辞/离职,组织关系-辞/离职
771,组织关系-辞/离职,组织关系-辞/离职
772,组织关系-辞/离职,组织关系-辞/离职
773,组织关系-辞/离职,组织关系-辞/离职
774,组织关系-辞/离职,组织关系-辞/离职
775,组织关系-辞/离职,组织关系-辞/离职
776,组织关系-辞/离职,组织关系-辞/离职
777,组织关系-辞/离职,组织关系-辞/离职
778,组织关系-辞/离职,组织关系-辞/离职
779,组织关系-辞/离职,组织关系-辞/离职
780,组织关系-辞/离职,组织关系-辞/离职
781,组织关系-辞/离职,组织关系-辞/离职
782,组织关系-辞/离职,组织关系-辞/离职
783,组织关系-辞/离职,组织关系-辞/离职
784,组织关系-辞/离职,组织关系-辞/离职
785,组织关系-辞/离职,组织关系-辞/离职
786,组织关系-辞/离职,组织关系-辞/离职
787,组织关系-辞/离职,组织关系-辞/离职
788,组织关系-辞/离职,组织关系-辞/离职
789,组织关系-辞/离职,组织关系-辞/离职
790,组织关系-辞/离职,组织关系-辞/离职
791,组织关系-辞/离职,组织关系-辞/离职
792,组织关系-辞/离职,组织关系-辞/离职
793,组织关系-辞/离职,组织关系-辞/离职
794,组织关系-辞/离职,组织关系-辞/离职
795,组织关系-辞/离职,组织关系-辞/离职
796,组织关系-辞/离职,组织关系-辞/离职
797,组织关系-辞/离职,组织关系-辞/离职
798,组织关系-辞/离职,司法行为-拘捕|组织关系-辞/离职
799,组织关系-辞/离职,组织关系-辞/离职
800,组织关系-辞/离职,组织关系-辞/离职
801,组织关系-辞/离职,组织关系-辞/离职
802,组织关系-辞/离职,组织关系-辞/离职
803,组织关系-辞/离职,组织关系-辞/离职
804,组织关系-辞/离职,组织关系-辞/离职
805,组织关系-辞/离职,组织关系-辞/离职
806,组织关系-辞/离职,组织关系-辞/离职
807,组织关系-辞/离职,组织关系-辞/离职
808,组织关系-辞/离职,组织关系-辞/离职
809,组织关系-辞/离职,组织关系-辞/离职
810,组织关系-辞/离职,组织关系-辞/离职
811,组织关系-辞/离职,组织关系-辞/离职
812,组织关系-辞/离职,组织关系-辞/离职
813,组织关系-辞/离职,组织关系-辞/离职
814,组织关系-辞/离职,组织关系-辞/离职
815,组织关系-辞/离职,组织关系-辞/离职
816,组织关系-加盟,组织关系-加盟
817,组织关系-加盟,组织关系-辞/离职
818,组织关系-加盟,组织关系-加盟
819,组织关系-加盟,组织关系-加盟
820,组织关系-加盟,组织关系-加盟
821,组织关系-加盟,组织关系-加盟
822,组织关系-加盟,组织关系-加盟
823,组织关系-加盟,组织关系-加盟
824,组织关系-加盟,组织关系-加盟
825,组织关系-加盟,组织关系-加盟
826,组织关系-加盟,组织关系-加盟
827,组织关系-加盟,组织关系-辞/离职
828,竞赛行为-夺冠|组织关系-加盟,竞赛行为-夺冠
829,组织关系-加盟,组织关系-加盟
830,组织关系-加盟,
831,组织关系-加盟,组织关系-加盟
832,竞赛行为-胜负|组织关系-加盟,竞赛行为-胜负
833,组织关系-加盟,组织关系-加盟
834,组织关系-加盟,组织关系-加盟
835,组织关系-加盟,组织关系-加盟
836,组织关系-加盟,组织关系-加盟
837,组织关系-加盟,组织关系-加盟
838,组织关系-加盟,组织关系-加盟
839,组织关系-加盟,组织关系-加盟
840,组织关系-加盟,组织关系-加盟
841,组织关系-加盟,
842,组织关系-加盟,组织关系-加盟
843,组织关系-加盟,组织关系-加盟
844,组织关系-加盟,组织关系-加盟
845,组织关系-退出|组织关系-加盟,组织关系-加盟
846,组织关系-加盟,组织关系-加盟
847,竞赛行为-胜负|竞赛行为-夺冠|组织关系-加盟,组织关系-加盟
848,组织关系-加盟,组织关系-加盟
849,组织关系-加盟,竞赛行为-胜负|组织关系-加盟
850,组织关系-加盟|组织关系-裁员,组织关系-裁员
851,组织关系-加盟,组织关系-加盟
852,组织关系-加盟,组织关系-辞/离职
853,组织关系-加盟,组织关系-加盟
854,组织关系-停职,组织关系-停职
855,组织关系-停职,组织关系-停职
856,组织关系-停职,组织关系-停职
857,组织关系-停职,组织关系-停职
858,组织关系-停职,组织关系-停职
859,组织关系-停职,组织关系-停职
860,组织关系-停职,组织关系-停职
861,组织关系-停职,组织关系-停职
862,组织关系-停职,组织关系-停职
863,组织关系-解散,组织关系-解散
864,组织关系-解散,组织关系-解散
865,组织关系-解散,组织关系-解散
866,组织关系-解散,组织关系-解散
867,组织关系-解散,组织关系-解散
868,组织关系-解散,组织关系-解散
869,组织关系-解散,组织关系-解散
870,组织关系-解散,组织关系-解散
871,组织关系-解散,组织关系-解散
872,组织关系-解约|组织关系-解散,组织关系-解散
873,人生-死亡|灾害/意外-袭击,人生-死亡|灾害/意外-袭击
874,灾害/意外-袭击,
875,灾害/意外-袭击,灾害/意外-袭击
876,灾害/意外-袭击,灾害/意外-袭击
877,灾害/意外-袭击,灾害/意外-袭击
878,灾害/意外-袭击,灾害/意外-袭击
879,灾害/意外-袭击,灾害/意外-爆炸
880,灾害/意外-袭击,灾害/意外-袭击
881,灾害/意外-袭击,灾害/意外-袭击
882,人生-死亡|灾害/意外-袭击,人生-死亡
883,人生-死亡|灾害/意外-袭击,灾害/意外-袭击
884,人生-死亡|灾害/意外-袭击,人生-死亡
885,灾害/意外-袭击,灾害/意外-袭击
886,灾害/意外-袭击,灾害/意外-袭击
887,人生-死亡,人生-死亡
888,人生-死亡,人生-死亡
889,人生-死亡|人生-失联,人生-失联|人生-死亡
890,人生-死亡|人生-失联,人生-死亡
891,人生-死亡|人生-怀孕,人生-死亡
892,人生-死亡,人生-死亡
893,人生-死亡,
894,人生-死亡|司法行为-入狱,司法行为-入狱
895,人生-死亡,人生-死亡
896,人生-死亡,人生-死亡
897,人生-死亡,人生-死亡
898,人生-死亡,人生-死亡
899,人生-死亡,人生-死亡
900,人生-死亡,人生-死亡
901,人生-死亡,人生-死亡
902,人生-死亡,人生-死亡
903,人生-死亡,人生-死亡
904,人生-死亡,人生-死亡
905,人生-死亡,人生-死亡
906,人生-死亡,人生-死亡
907,人生-死亡|司法行为-拘捕,司法行为-拘捕
908,人生-死亡,人生-死亡
909,人生-死亡,人生-死亡
910,人生-死亡,人生-死亡
911,人生-死亡,人生-死亡
912,人生-死亡,人生-死亡
913,人生-死亡,人生-死亡
914,人生-死亡,人生-死亡
915,人生-死亡,人生-死亡
916,人生-死亡,人生-死亡
917,人生-死亡,人生-死亡
918,人生-死亡,
919,人生-死亡,人生-死亡
920,人生-死亡,人生-死亡|司法行为-入狱
921,人生-死亡,人生-死亡
922,人生-死亡,人生-死亡
923,人生-死亡,
924,人生-死亡,人生-死亡
925,人生-死亡,人生-死亡
926,人生-死亡,人生-死亡
927,人生-死亡,人生-死亡
928,人生-死亡,人生-死亡
929,人生-死亡,人生-死亡
930,人生-死亡,人生-死亡
931,人生-死亡,人生-死亡
932,人生-死亡,人生-死亡
933,人生-死亡,人生-死亡
934,人生-死亡|组织关系-停职,组织关系-停职
935,人生-死亡,人生-死亡
936,人生-死亡,
937,人生-死亡,人生-死亡
938,人生-死亡,人生-死亡
939,人生-死亡|灾害/意外-袭击,人生-死亡|灾害/意外-袭击
940,人生-死亡,人生-死亡
941,人生-死亡,人生-死亡
942,人生-死亡,人生-死亡
943,人生-死亡,人生-死亡
944,人生-死亡,人生-死亡
945,人生-死亡|组织关系-停职,人生-死亡|组织关系-停职
946,人生-死亡,人生-死亡
947,人生-死亡,人生-死亡
948,人生-死亡,组织关系-辞/离职
949,人生-死亡,人生-死亡
950,人生-死亡,人生-死亡
951,人生-死亡,人生-死亡
952,人生-死亡,人生-死亡
953,人生-死亡,人生-死亡
954,人生-死亡,人生-死亡
955,人生-死亡,人生-死亡
956,人生-死亡,人生-死亡
957,人生-死亡,人生-死亡
958,人生-死亡,人生-死亡
959,人生-死亡,人生-死亡
960,人生-死亡,
961,人生-死亡,人生-死亡
962,人生-死亡,人生-死亡|灾害/意外-车祸
963,人生-订婚,人生-订婚
964,人生-订婚,人生-订婚
965,人生-订婚,人生-订婚
966,人生-订婚,人生-订婚
967,人生-订婚,人生-订婚
968,人生-订婚,人生-订婚
969,人生-订婚,人生-订婚
970,人生-死亡|人生-订婚,
971,人生-婚礼|人生-结婚,人生-结婚
972,人生-婚礼,人生-结婚
973,人生-婚礼,人生-婚礼
974,人生-婚礼,人生-婚礼
975,人生-婚礼,
976,人生-婚礼,人生-婚礼
977,人生-离婚,人生-结婚
978,人生-离婚,人生-离婚
979,人生-离婚,人生-离婚
980,人生-离婚,人生-离婚
981,人生-离婚,人生-离婚
982,人生-离婚,人生-离婚
983,人生-离婚|人生-结婚,人生-离婚
984,人生-离婚,人生-离婚
985,人生-离婚,人生-离婚
986,人生-离婚,人生-离婚
987,人生-离婚,人生-离婚
988,人生-离婚,
989,人生-离婚|人生-结婚|人生-产子/女,人生-离婚
990,人生-离婚,人生-离婚
991,人生-离婚,人生-离婚
992,人生-离婚,人生-离婚
993,人生-离婚,人生-离婚
994,人生-离婚,人生-离婚
995,人生-离婚,人生-离婚
996,人生-离婚,人生-离婚
997,人生-离婚,人生-离婚
998,人生-离婚,人生-离婚
999,人生-离婚,人生-离婚
1000,人生-离婚,人生-离婚
1001,人生-离婚,人生-离婚
1002,人生-离婚,人生-离婚
1003,人生-离婚,人生-离婚
1004,人生-离婚,人生-离婚
1005,人生-离婚,人生-离婚
1006,人生-离婚|人生-分手,人生-分手
1007,竞赛行为-禁赛,竞赛行为-禁赛
1008,竞赛行为-禁赛,竞赛行为-禁赛
1009,竞赛行为-禁赛,竞赛行为-禁赛
1010,竞赛行为-禁赛,
1011,竞赛行为-禁赛,竞赛行为-禁赛
1012,竞赛行为-禁赛,竞赛行为-禁赛
1013,竞赛行为-禁赛|司法行为-罚款,竞赛行为-禁赛
1014,竞赛行为-禁赛,竞赛行为-禁赛
1015,竞赛行为-禁赛|司法行为-罚款,司法行为-罚款|竞赛行为-禁赛
1016,竞赛行为-禁赛,竞赛行为-禁赛
1017,竞赛行为-禁赛|司法行为-罚款,司法行为-罚款
1018,竞赛行为-禁赛,竞赛行为-禁赛
1019,竞赛行为-禁赛,竞赛行为-禁赛
1020,竞赛行为-禁赛,竞赛行为-禁赛
1021,竞赛行为-禁赛,
1022,竞赛行为-禁赛,竞赛行为-禁赛
1023,竞赛行为-胜负|竞赛行为-夺冠,竞赛行为-夺冠|竞赛行为-胜负
1024,竞赛行为-夺冠,竞赛行为-夺冠
1025,竞赛行为-夺冠,竞赛行为-夺冠
1026,竞赛行为-夺冠,
1027,竞赛行为-夺冠,竞赛行为-夺冠
1028,竞赛行为-胜负|竞赛行为-夺冠,竞赛行为-夺冠|竞赛行为-胜负
1029,竞赛行为-夺冠,竞赛行为-夺冠
1030,竞赛行为-夺冠,竞赛行为-夺冠
1031,竞赛行为-夺冠,竞赛行为-夺冠
1032,竞赛行为-夺冠,竞赛行为-夺冠
1033,竞赛行为-胜负|竞赛行为-夺冠,竞赛行为-胜负
1034,竞赛行为-夺冠,竞赛行为-夺冠
1035,竞赛行为-夺冠,竞赛行为-夺冠
1036,竞赛行为-夺冠,竞赛行为-夺冠
1037,竞赛行为-夺冠|组织关系-加盟,竞赛行为-夺冠|组织关系-加盟
1038,竞赛行为-夺冠,竞赛行为-夺冠
1039,竞赛行为-夺冠,竞赛行为-夺冠|竞赛行为-胜负
1040,竞赛行为-夺冠,竞赛行为-夺冠
1041,竞赛行为-胜负|竞赛行为-夺冠,竞赛行为-夺冠
1042,竞赛行为-夺冠,竞赛行为-夺冠
1043,竞赛行为-夺冠,竞赛行为-夺冠
1044,竞赛行为-夺冠,竞赛行为-夺冠
1045,竞赛行为-夺冠,竞赛行为-夺冠
1046,竞赛行为-夺冠|人生-分手,人生-分手
1047,竞赛行为-夺冠,
1048,竞赛行为-夺冠,竞赛行为-夺冠
1049,竞赛行为-夺冠,竞赛行为-夺冠
1050,竞赛行为-夺冠,竞赛行为-夺冠
1051,竞赛行为-夺冠,竞赛行为-夺冠
1052,竞赛行为-夺冠,竞赛行为-夺冠
1053,竞赛行为-胜负|竞赛行为-夺冠,竞赛行为-夺冠|竞赛行为-胜负
1054,竞赛行为-夺冠,竞赛行为-夺冠
1055,竞赛行为-夺冠,竞赛行为-夺冠
1056,竞赛行为-夺冠,竞赛行为-夺冠
1057,竞赛行为-夺冠,竞赛行为-夺冠
1058,竞赛行为-夺冠,
1059,竞赛行为-夺冠,竞赛行为-夺冠|竞赛行为-胜负
1060,竞赛行为-夺冠,竞赛行为-夺冠
1061,竞赛行为-夺冠,竞赛行为-夺冠
1062,竞赛行为-夺冠,竞赛行为-夺冠
1063,竞赛行为-夺冠,竞赛行为-夺冠
1064,灾害/意外-车祸,灾害/意外-车祸
1065,灾害/意外-车祸,灾害/意外-车祸
1066,灾害/意外-车祸|人生-死亡,人生-死亡|灾害/意外-车祸
1067,灾害/意外-车祸|灾害/意外-起火,灾害/意外-车祸
1068,灾害/意外-车祸,灾害/意外-车祸
1069,灾害/意外-车祸,灾害/意外-车祸
1070,灾害/意外-车祸,
1071,灾害/意外-车祸,人生-死亡|灾害/意外-车祸
1072,灾害/意外-车祸|人生-死亡,人生-死亡|灾害/意外-车祸
1073,灾害/意外-车祸,灾害/意外-车祸
1074,灾害/意外-车祸,灾害/意外-车祸
1075,灾害/意外-车祸,灾害/意外-起火|灾害/意外-车祸
1076,灾害/意外-车祸,灾害/意外-车祸
1077,灾害/意外-车祸|人生-死亡,人生-死亡|灾害/意外-车祸
1078,灾害/意外-车祸,灾害/意外-车祸
1079,灾害/意外-车祸,灾害/意外-车祸
1080,灾害/意外-车祸|人生-死亡,灾害/意外-车祸
1081,灾害/意外-车祸,灾害/意外-车祸
1082,灾害/意外-车祸,
1083,灾害/意外-车祸,灾害/意外-车祸
1084,灾害/意外-车祸|司法行为-拘捕,司法行为-拘捕
1085,灾害/意外-车祸|人生-死亡,人生-死亡|灾害/意外-车祸
1086,灾害/意外-车祸,灾害/意外-车祸
1087,灾害/意外-车祸,灾害/意外-车祸
1088,灾害/意外-车祸,灾害/意外-车祸
1089,灾害/意外-车祸|人生-死亡,人生-死亡|灾害/意外-车祸
1090,灾害/意外-车祸|人生-死亡,人生-死亡|灾害/意外-车祸
1091,灾害/意外-车祸|人生-死亡,灾害/意外-车祸
1092,灾害/意外-车祸|人生-死亡,人生-死亡|灾害/意外-车祸
1093,灾害/意外-车祸,
1094,灾害/意外-车祸|司法行为-拘捕|司法行为-起诉,
1095,灾害/意外-车祸,灾害/意外-车祸
1096,灾害/意外-车祸,灾害/意外-车祸
1097,灾害/意外-车祸,灾害/意外-车祸
1098,人生-结婚|人生-产子/女,人生-结婚
1099,人生-结婚,人生-结婚
1100,人生-订婚|人生-结婚,人生-订婚
1101,人生-结婚,人生-结婚
1102,人生-结婚,人生-结婚
1103,人生-结婚,人生-结婚
1104,人生-结婚,人生-结婚
1105,人生-结婚,人生-结婚
1106,人生-结婚,人生-结婚
1107,人生-结婚,人生-结婚
1108,人生-结婚,人生-结婚
1109,人生-结婚,人生-结婚
1110,人生-结婚,人生-结婚
1111,人生-结婚,人生-结婚
1112,人生-结婚,人生-结婚
1113,人生-结婚,人生-结婚
1114,人生-结婚,人生-结婚
1115,人生-结婚,人生-结婚
1116,人生-结婚|人生-产子/女,人生-产子/女|人生-结婚
1117,司法行为-起诉|人生-结婚,人生-结婚
1118,人生-结婚,人生-结婚
1119,人生-结婚,人生-结婚
1120,人生-离婚|人生-结婚,人生-离婚
1121,人生-结婚|人生-产子/女,人生-结婚
1122,人生-结婚,人生-结婚
1123,人生-结婚,人生-结婚
1124,人生-结婚|人生-产子/女,人生-结婚
1125,人生-结婚,人生-结婚
1126,人生-结婚,人生-结婚
1127,人生-结婚,人生-结婚
1128,人生-结婚,人生-结婚
1129,人生-结婚,
1130,人生-结婚,人生-结婚
1131,人生-离婚|人生-结婚,人生-离婚
1132,人生-死亡|灾害/意外-起火,灾害/意外-起火
1133,灾害/意外-爆炸|灾害/意外-起火,灾害/意外-爆炸|灾害/意外-起火
1134,灾害/意外-起火,灾害/意外-起火
1135,人生-死亡|灾害/意外-起火,灾害/意外-起火
1136,灾害/意外-起火,灾害/意外-起火
1137,灾害/意外-起火,
1138,灾害/意外-起火,灾害/意外-起火
1139,灾害/意外-起火|产品行为-召回,产品行为-召回
1140,灾害/意外-起火,灾害/意外-起火
1141,灾害/意外-起火,灾害/意外-起火
1142,灾害/意外-起火,灾害/意外-起火
1143,灾害/意外-起火,灾害/意外-起火
1144,灾害/意外-起火,灾害/意外-起火
1145,灾害/意外-起火,灾害/意外-起火
1146,灾害/意外-起火,灾害/意外-起火
1147,灾害/意外-车祸|灾害/意外-起火,灾害/意外-起火
1148,灾害/意外-起火,灾害/意外-起火
1149,灾害/意外-起火,灾害/意外-起火
1150,灾害/意外-起火,灾害/意外-起火
1151,灾害/意外-起火,灾害/意外-起火
1152,灾害/意外-起火,灾害/意外-起火
1153,人生-死亡|灾害/意外-起火,灾害/意外-起火
1154,灾害/意外-起火,灾害/意外-起火
1155,组织行为-罢工|组织关系-裁员,组织关系-裁员
1156,组织行为-罢工,组织行为-罢工
1157,组织行为-罢工,组织行为-罢工
1158,组织行为-罢工,组织行为-罢工
1159,组织行为-罢工,组织行为-罢工
1160,组织行为-罢工,组织行为-罢工
1161,组织行为-罢工,组织行为-罢工
1162,组织行为-罢工,组织行为-罢工
1163,财经/交易-融资,财经/交易-融资
1164,财经/交易-融资,财经/交易-融资
1165,财经/交易-融资,财经/交易-融资
1166,财经/交易-融资,财经/交易-融资
1167,财经/交易-融资,财经/交易-融资
1168,财经/交易-融资,财经/交易-融资
1169,财经/交易-融资,财经/交易-融资
1170,财经/交易-融资,财经/交易-融资
1171,财经/交易-融资,财经/交易-融资
1172,财经/交易-融资,财经/交易-融资
1173,财经/交易-融资,财经/交易-融资
1174,财经/交易-融资,财经/交易-融资
1175,财经/交易-融资,财经/交易-融资
1176,财经/交易-融资,财经/交易-融资
1177,财经/交易-涨价,财经/交易-涨价|财经/交易-降价
1178,财经/交易-涨价,
1179,财经/交易-涨价,财经/交易-涨价
1180,财经/交易-涨价,司法行为-约谈
1181,财经/交易-涨价,财经/交易-涨停
1182,司法行为-举报|组织关系-解雇,司法行为-举报
1183,司法行为-举报,司法行为-举报
1184,司法行为-举报,司法行为-举报
1185,司法行为-举报,司法行为-举报
1186,司法行为-举报,司法行为-举报
1187,司法行为-举报,司法行为-举报
1188,司法行为-举报,司法行为-举报
1189,司法行为-举报,司法行为-举报
1190,司法行为-举报,司法行为-举报
1191,司法行为-举报,司法行为-举报
1192,司法行为-举报,司法行为-举报
1193,司法行为-举报,司法行为-举报
1194,人生-出轨,人生-出轨
1195,人生-出轨,
1196,人生-出轨,人生-产子/女
1197,人生-庆生,人生-庆生
1198,人生-庆生,人生-庆生
1199,人生-庆生,人生-庆生
1200,人生-庆生,人生-庆生
1201,人生-庆生,人生-庆生
1202,人生-庆生,人生-庆生
1203,人生-庆生,人生-庆生
1204,人生-庆生,人生-庆生
1205,人生-庆生,人生-庆生
1206,人生-庆生,人生-庆生
1207,人生-庆生,人生-庆生
1208,人生-庆生,人生-庆生
1209,人生-庆生,人生-庆生
1210,人生-庆生,
1211,人生-庆生,
1212,人生-庆生,人生-庆生
1213,财经/交易-上市,财经/交易-上市
1214,财经/交易-上市,
1215,财经/交易-上市,
1216,财经/交易-上市,产品行为-发布
1217,财经/交易-上市,财经/交易-上市
1218,财经/交易-上市,产品行为-发布|财经/交易-上市
1219,财经/交易-上市,产品行为-发布
1220,竞赛行为-胜负,竞赛行为-胜负
1221,竞赛行为-胜负|竞赛行为-晋级,竞赛行为-晋级|竞赛行为-胜负
1222,竞赛行为-胜负,竞赛行为-胜负
1223,竞赛行为-胜负,竞赛行为-胜负
1224,竞赛行为-胜负,竞赛行为-胜负
1225,竞赛行为-胜负,竞赛行为-胜负
1226,竞赛行为-胜负,竞赛行为-胜负
1227,竞赛行为-胜负,竞赛行为-胜负
1228,竞赛行为-胜负,竞赛行为-胜负
1229,竞赛行为-胜负,竞赛行为-胜负
1230,竞赛行为-胜负,竞赛行为-胜负
1231,竞赛行为-胜负,竞赛行为-胜负
1232,竞赛行为-胜负,竞赛行为-胜负
1233,竞赛行为-胜负,竞赛行为-胜负
1234,竞赛行为-胜负,竞赛行为-胜负
1235,竞赛行为-胜负,竞赛行为-胜负
1236,竞赛行为-胜负,竞赛行为-胜负
1237,竞赛行为-胜负,竞赛行为-胜负
1238,竞赛行为-胜负,竞赛行为-胜负
1239,竞赛行为-胜负|竞赛行为-夺冠,竞赛行为-夺冠|竞赛行为-胜负
1240,竞赛行为-胜负|竞赛行为-晋级,竞赛行为-晋级|竞赛行为-胜负
1241,竞赛行为-胜负,竞赛行为-胜负
1242,竞赛行为-胜负,竞赛行为-退役
1243,竞赛行为-胜负,竞赛行为-夺冠|竞赛行为-胜负
1244,竞赛行为-胜负,竞赛行为-胜负
1245,竞赛行为-胜负,竞赛行为-胜负
1246,竞赛行为-胜负,竞赛行为-胜负
1247,竞赛行为-胜负,竞赛行为-胜负
1248,竞赛行为-胜负,竞赛行为-夺冠|竞赛行为-胜负
1249,竞赛行为-胜负,竞赛行为-胜负
1250,竞赛行为-胜负|竞赛行为-退赛,竞赛行为-胜负
1251,竞赛行为-胜负,竞赛行为-胜负
1252,竞赛行为-胜负,竞赛行为-胜负
1253,竞赛行为-胜负,竞赛行为-胜负
1254,竞赛行为-胜负|竞赛行为-夺冠,竞赛行为-夺冠|竞赛行为-胜负
1255,竞赛行为-胜负,竞赛行为-胜负
1256,竞赛行为-胜负,竞赛行为-胜负
1257,竞赛行为-胜负,竞赛行为-胜负
1258,竞赛行为-胜负,竞赛行为-胜负
1259,竞赛行为-胜负,竞赛行为-胜负
1260,竞赛行为-胜负,竞赛行为-胜负
1261,竞赛行为-胜负,竞赛行为-胜负
1262,竞赛行为-胜负,竞赛行为-胜负
1263,竞赛行为-胜负,竞赛行为-胜负
1264,竞赛行为-胜负,竞赛行为-胜负
1265,竞赛行为-胜负,竞赛行为-胜负
1266,竞赛行为-胜负|竞赛行为-夺冠,竞赛行为-胜负
1267,竞赛行为-胜负,竞赛行为-胜负
1268,竞赛行为-胜负,竞赛行为-胜负
1269,竞赛行为-胜负|竞赛行为-夺冠,竞赛行为-夺冠|竞赛行为-胜负
1270,竞赛行为-胜负,竞赛行为-胜负
1271,竞赛行为-胜负,竞赛行为-夺冠|竞赛行为-胜负
1272,竞赛行为-胜负,竞赛行为-胜负
1273,竞赛行为-胜负,竞赛行为-胜负
1274,竞赛行为-胜负,竞赛行为-胜负
1275,竞赛行为-胜负,竞赛行为-胜负
1276,竞赛行为-胜负,竞赛行为-胜负
1277,竞赛行为-胜负,竞赛行为-胜负
1278,竞赛行为-胜负,竞赛行为-胜负
1279,竞赛行为-胜负,竞赛行为-夺冠|竞赛行为-胜负
1280,竞赛行为-胜负,竞赛行为-胜负
1281,竞赛行为-胜负,竞赛行为-晋级|竞赛行为-胜负
1282,竞赛行为-胜负,竞赛行为-胜负
1283,竞赛行为-胜负,竞赛行为-胜负
1284,竞赛行为-胜负,竞赛行为-胜负
1285,竞赛行为-胜负,竞赛行为-胜负
1286,竞赛行为-胜负,竞赛行为-胜负
1287,竞赛行为-胜负,竞赛行为-胜负
1288,竞赛行为-胜负,竞赛行为-胜负
1289,竞赛行为-胜负,竞赛行为-胜负
1290,竞赛行为-胜负,竞赛行为-胜负
1291,竞赛行为-胜负,竞赛行为-胜负
1292,竞赛行为-胜负|竞赛行为-晋级,竞赛行为-胜负
1293,竞赛行为-胜负,竞赛行为-胜负
1294,竞赛行为-胜负,竞赛行为-胜负
1295,竞赛行为-胜负,竞赛行为-胜负
1296,竞赛行为-胜负,竞赛行为-胜负
1297,竞赛行为-胜负,竞赛行为-胜负
1298,竞赛行为-胜负|竞赛行为-夺冠,竞赛行为-夺冠|竞赛行为-胜负
1299,竞赛行为-胜负|竞赛行为-晋级,竞赛行为-晋级|竞赛行为-胜负
1300,竞赛行为-胜负,竞赛行为-胜负
1301,竞赛行为-胜负,竞赛行为-胜负
1302,竞赛行为-胜负,竞赛行为-胜负
1303,竞赛行为-胜负,竞赛行为-胜负
1304,竞赛行为-胜负,竞赛行为-晋级|竞赛行为-胜负
1305,竞赛行为-胜负,竞赛行为-夺冠|竞赛行为-胜负
1306,竞赛行为-胜负,竞赛行为-夺冠
1307,竞赛行为-胜负,竞赛行为-胜负
1308,竞赛行为-胜负,竞赛行为-胜负
1309,竞赛行为-胜负,竞赛行为-胜负
1310,竞赛行为-胜负|竞赛行为-夺冠,竞赛行为-夺冠|竞赛行为-胜负
1311,竞赛行为-胜负,竞赛行为-胜负
1312,竞赛行为-胜负,竞赛行为-胜负
1313,竞赛行为-胜负,竞赛行为-胜负
1314,竞赛行为-胜负,竞赛行为-胜负
1315,竞赛行为-胜负|竞赛行为-夺冠,竞赛行为-夺冠
1316,竞赛行为-胜负,竞赛行为-胜负
1317,竞赛行为-胜负,组织关系-解散
1318,竞赛行为-胜负,竞赛行为-胜负
1319,竞赛行为-胜负|竞赛行为-晋级,竞赛行为-胜负
1320,竞赛行为-胜负|竞赛行为-晋级,竞赛行为-胜负
1321,竞赛行为-胜负|竞赛行为-晋级,竞赛行为-晋级|竞赛行为-胜负
1322,竞赛行为-胜负|竞赛行为-晋级,竞赛行为-晋级|竞赛行为-胜负
1323,竞赛行为-胜负,竞赛行为-胜负
1324,竞赛行为-胜负,竞赛行为-胜负
1325,竞赛行为-胜负,竞赛行为-胜负
1326,竞赛行为-胜负,竞赛行为-胜负
1327,竞赛行为-胜负,竞赛行为-胜负
1328,竞赛行为-胜负|竞赛行为-夺冠,竞赛行为-夺冠|竞赛行为-胜负
1329,竞赛行为-胜负|竞赛行为-夺冠,竞赛行为-胜负
1330,竞赛行为-胜负,竞赛行为-胜负
1331,竞赛行为-胜负|竞赛行为-夺冠,竞赛行为-夺冠|竞赛行为-胜负
1332,竞赛行为-胜负,竞赛行为-胜负
1333,竞赛行为-胜负,竞赛行为-胜负
1334,竞赛行为-胜负,竞赛行为-胜负
1335,竞赛行为-胜负,竞赛行为-胜负
1336,竞赛行为-胜负,竞赛行为-晋级|竞赛行为-胜负
1337,竞赛行为-胜负,竞赛行为-胜负
1338,竞赛行为-胜负,竞赛行为-胜负
1339,竞赛行为-胜负,竞赛行为-胜负
1340,竞赛行为-胜负,竞赛行为-胜负
1341,竞赛行为-胜负|竞赛行为-晋级,竞赛行为-晋级|竞赛行为-胜负
1342,竞赛行为-胜负,竞赛行为-胜负
1343,竞赛行为-胜负,竞赛行为-胜负
1344,竞赛行为-胜负,竞赛行为-胜负
1345,竞赛行为-胜负|竞赛行为-晋级,竞赛行为-晋级|竞赛行为-胜负
1346,竞赛行为-胜负,竞赛行为-胜负
1347,竞赛行为-胜负,竞赛行为-胜负
1348,竞赛行为-胜负,竞赛行为-胜负
1349,竞赛行为-胜负,竞赛行为-胜负
1350,竞赛行为-胜负,竞赛行为-胜负
1351,竞赛行为-胜负,竞赛行为-胜负
1352,竞赛行为-胜负,竞赛行为-胜负
1353,竞赛行为-胜负,竞赛行为-胜负
1354,竞赛行为-胜负,竞赛行为-胜负
1355,竞赛行为-胜负,竞赛行为-胜负
1356,竞赛行为-胜负,竞赛行为-胜负
1357,竞赛行为-胜负|竞赛行为-晋级,竞赛行为-晋级|竞赛行为-胜负
1358,竞赛行为-胜负,竞赛行为-胜负
1359,竞赛行为-胜负|竞赛行为-晋级,竞赛行为-胜负
1360,竞赛行为-胜负,竞赛行为-胜负
1361,竞赛行为-胜负,竞赛行为-胜负
1362,竞赛行为-胜负|竞赛行为-夺冠,竞赛行为-夺冠|竞赛行为-胜负
1363,竞赛行为-胜负,竞赛行为-胜负
1364,竞赛行为-胜负,竞赛行为-胜负
1365,竞赛行为-胜负,竞赛行为-胜负
1366,竞赛行为-胜负,竞赛行为-胜负
1367,竞赛行为-胜负,竞赛行为-胜负
1368,竞赛行为-胜负,竞赛行为-胜负
1369,竞赛行为-胜负,竞赛行为-胜负
1370,竞赛行为-胜负,竞赛行为-胜负
1371,竞赛行为-胜负,竞赛行为-晋级|竞赛行为-胜负
1372,竞赛行为-胜负|竞赛行为-晋级,竞赛行为-晋级|竞赛行为-胜负
1373,竞赛行为-胜负,竞赛行为-胜负
1374,竞赛行为-胜负,竞赛行为-胜负
1375,竞赛行为-胜负,竞赛行为-胜负
1376,竞赛行为-胜负,竞赛行为-胜负
1377,竞赛行为-胜负,竞赛行为-胜负
1378,竞赛行为-胜负,竞赛行为-胜负
1379,竞赛行为-胜负,竞赛行为-胜负
1380,竞赛行为-胜负|交往-点赞,竞赛行为-胜负
1381,竞赛行为-胜负,竞赛行为-胜负
1382,竞赛行为-胜负,竞赛行为-胜负
1383,竞赛行为-胜负,竞赛行为-胜负
1384,竞赛行为-胜负,竞赛行为-胜负
1385,竞赛行为-胜负|竞赛行为-晋级,竞赛行为-晋级
1386,竞赛行为-胜负,竞赛行为-夺冠|竞赛行为-胜负
1387,竞赛行为-胜负,竞赛行为-胜负
1388,竞赛行为-胜负,竞赛行为-胜负
1389,竞赛行为-胜负,竞赛行为-胜负
1390,竞赛行为-胜负|竞赛行为-晋级,竞赛行为-晋级|竞赛行为-胜负
1391,竞赛行为-胜负,竞赛行为-胜负
1392,竞赛行为-胜负,竞赛行为-胜负|竞赛行为-退赛
1393,竞赛行为-胜负,竞赛行为-胜负
1394,竞赛行为-胜负,竞赛行为-胜负
1395,竞赛行为-胜负,竞赛行为-胜负
1396,竞赛行为-胜负,竞赛行为-胜负
1397,竞赛行为-胜负,竞赛行为-胜负
1398,竞赛行为-胜负,竞赛行为-胜负
1399,竞赛行为-胜负,竞赛行为-胜负
1400,竞赛行为-胜负,竞赛行为-胜负
1401,竞赛行为-胜负,竞赛行为-胜负
1402,竞赛行为-胜负|竞赛行为-晋级,竞赛行为-胜负
1403,竞赛行为-胜负,竞赛行为-胜负
1404,竞赛行为-胜负,竞赛行为-胜负
1405,竞赛行为-胜负|竞赛行为-晋级,竞赛行为-晋级|竞赛行为-胜负
1406,竞赛行为-胜负,竞赛行为-胜负
1407,竞赛行为-胜负,竞赛行为-胜负
1408,竞赛行为-胜负,
1409,竞赛行为-胜负,竞赛行为-胜负
1410,竞赛行为-胜负,交往-道歉
1411,竞赛行为-胜负,竞赛行为-胜负
1412,竞赛行为-胜负,竞赛行为-胜负
1413,竞赛行为-胜负,竞赛行为-胜负
1414,竞赛行为-胜负,竞赛行为-胜负
1415,竞赛行为-胜负,竞赛行为-胜负
1416,竞赛行为-胜负,竞赛行为-胜负
1417,竞赛行为-胜负,竞赛行为-胜负
1418,竞赛行为-胜负,竞赛行为-胜负
1419,竞赛行为-胜负|竞赛行为-夺冠,竞赛行为-夺冠|竞赛行为-胜负
1420,竞赛行为-胜负,竞赛行为-胜负
1421,司法行为-入狱,司法行为-入狱
1422,司法行为-入狱,司法行为-入狱
1423,司法行为-入狱,司法行为-入狱
1424,司法行为-入狱|司法行为-罚款,司法行为-入狱|司法行为-罚款
1425,司法行为-入狱,司法行为-入狱
1426,司法行为-入狱|司法行为-罚款,司法行为-罚款
1427,司法行为-入狱|司法行为-罚款,司法行为-入狱|司法行为-罚款
1428,司法行为-入狱|司法行为-罚款,司法行为-入狱|司法行为-罚款
1429,司法行为-入狱,人生-死亡
1430,司法行为-入狱,司法行为-入狱
1431,司法行为-入狱,司法行为-入狱
1432,司法行为-入狱|司法行为-罚款,司法行为-入狱|司法行为-罚款
1433,司法行为-入狱|司法行为-罚款,司法行为-入狱|司法行为-罚款
1434,司法行为-入狱|司法行为-罚款,司法行为-入狱|司法行为-罚款
1435,司法行为-入狱,司法行为-入狱
1436,组织关系-解雇,组织关系-裁员|组织关系-解雇
1437,组织关系-解雇,组织关系-加盟|组织关系-解约
1438,组织关系-解雇,组织关系-辞/离职
1439,组织关系-解雇,组织关系-解雇
1440,组织关系-解雇,组织关系-辞/离职
1441,组织关系-解雇,竞赛行为-夺冠
1442,组织关系-解雇,
1443,组织关系-解雇,组织关系-解雇
1444,组织关系-解雇,组织关系-停职|组织关系-解雇
1445,组织关系-解雇,组织关系-辞/离职
1446,组织关系-解雇,
1447,竞赛行为-晋级|竞赛行为-退赛,竞赛行为-晋级
1448,竞赛行为-晋级,竞赛行为-晋级|竞赛行为-胜负
1449,竞赛行为-晋级,竞赛行为-晋级
1450,竞赛行为-晋级,竞赛行为-晋级
1451,竞赛行为-晋级,竞赛行为-晋级
1452,竞赛行为-晋级,竞赛行为-晋级
1453,竞赛行为-晋级,竞赛行为-晋级
1454,竞赛行为-晋级,竞赛行为-晋级
1455,竞赛行为-晋级,竞赛行为-晋级
1456,竞赛行为-胜负|竞赛行为-晋级,竞赛行为-晋级|竞赛行为-胜负
1457,竞赛行为-晋级,竞赛行为-晋级
1458,竞赛行为-胜负|竞赛行为-晋级,竞赛行为-晋级
1459,竞赛行为-胜负|竞赛行为-晋级,竞赛行为-胜负
1460,竞赛行为-晋级,竞赛行为-晋级
1461,竞赛行为-晋级,竞赛行为-晋级
1462,竞赛行为-晋级,竞赛行为-晋级
1463,组织行为-闭幕,组织行为-闭幕
1464,组织行为-闭幕,组织行为-闭幕
1465,组织行为-闭幕,组织行为-闭幕
1466,组织行为-开幕|组织行为-闭幕,
1467,组织行为-闭幕,
1468,组织行为-闭幕,组织行为-闭幕
1469,组织行为-闭幕,
1470,组织行为-闭幕,组织行为-闭幕
1471,财经/交易-跌停,财经/交易-跌停
1472,财经/交易-跌停,
1473,财经/交易-跌停,财经/交易-跌停
1474,财经/交易-跌停,财经/交易-跌停
1475,财经/交易-跌停,财经/交易-跌停
1476,财经/交易-跌停,财经/交易-跌停
1477,财经/交易-跌停,财经/交易-跌停
1478,财经/交易-跌停,财经/交易-跌停
1479,财经/交易-跌停,财经/交易-跌停
1480,财经/交易-跌停,财经/交易-涨停|财经/交易-跌停
1481,财经/交易-跌停,财经/交易-跌停
1482,财经/交易-跌停,财经/交易-跌停
1483,财经/交易-跌停,财经/交易-跌停
1484,灾害/意外-地震,灾害/意外-地震
1485,灾害/意外-地震,灾害/意外-地震
1486,灾害/意外-地震,灾害/意外-地震
1487,人生-死亡|灾害/意外-地震,灾害/意外-地震
1488,灾害/意外-地震,灾害/意外-地震
1489,灾害/意外-地震,灾害/意外-地震
1490,灾害/意外-地震,灾害/意外-地震
1491,灾害/意外-地震,灾害/意外-地震
1492,灾害/意外-地震,灾害/意外-地震
1493,灾害/意外-地震,灾害/意外-地震
1494,灾害/意外-地震,灾害/意外-地震
1495,灾害/意外-地震,灾害/意外-地震
1496,灾害/意外-地震,灾害/意外-地震
1497,灾害/意外-地震,灾害/意外-地震
